{"Train/lr": 6.966666666666668e-06, "Train/train_loss": 0.1386149674654007, "Train/elapsed_time": 16831.501722335815, "Train/loss": 0.1386149674654007, "_timestamp": 1739281420.8517444, "_runtime": 3647.268719434738, "_step": 208}