{"Train/lr": 9.158666666666668e-06, "Train/train_loss": 0.09489084780216217, "Train/elapsed_time": 21765.23733139038, "Train/loss": 0.09489084780216217, "_timestamp": 1739007975.5105052, "_runtime": 68923.24805617332, "_step": 2823}