{"Train/lr": 6.666666666666667e-08, "Train/train_loss": 0.06711515784263611, "Train/elapsed_time": 38951.120138168335, "Train/loss": 0.06711515784263611, "_timestamp": 1739706163.3097208, "_runtime": 56.85517072677612, "_step": 1}