{"Train/lr": 6.666666666666667e-08, "Train/train_loss": 0.0683344230055809, "Train/elapsed_time": 36642.68159866333, "Train/loss": 0.0683344230055809, "_timestamp": 1739709994.400676, "_runtime": 52.9841730594635, "_step": 1}