{"Train/lr": 6.666666666666667e-08, "Train/train_loss": 0.18271104991436005, "Train/elapsed_time": 32051.724433898926, "Train/loss": 0.18271104991436005, "_timestamp": 1739340798.8885736, "_runtime": 51.61027455329895, "_step": 1, "_wandb": {"runtime": 51}}