{"Train/lr": 9.686333333333334e-06, "Train/train_loss": 0.09108452498912811, "Train/elapsed_time": 15296.04697227478, "Train/loss": 0.09108452498912811, "_timestamp": 1739704750.3906777, "_runtime": 22409.01760673523, "_step": 1240}