{"Train/lr": 9.850333333333335e-06, "Train/train_loss": 0.07103592902421951, "Train/elapsed_time": 17436.213970184326, "Train/loss": 0.07103592902421951, "_timestamp": 1739771532.1877882, "_runtime": 14947.077780246735, "_step": 748, "_wandb": {"runtime": 14945}}